HEROP_ID,OdMortRtAv
050US01001,11.58
050US01003,16.96
050US01005,11.54
050US01007,20.64
050US01009,21.96
050US01011,10.86
050US01013,13.9
050US01015,17.74
050US01017,13.2
050US01019,20.24
050US01021,17.76
050US01023,15.56
050US01025,14.38
050US01027,15.54
050US01029,20.54
050US01031,10.82
050US01033,12
050US01035,18.5
050US01037,14.34
050US01039,14.38
050US01041,11.96
050US01043,20.02
050US01045,11.76
050US01047,9.9
050US01049,24.18
050US01051,10.38
050US01053,26.56
050US01055,21.76
050US01057,20.56
050US01059,18.24
050US01061,15.34
050US01063,13.54
050US01065,15.28
050US01067,13.36
050US01069,13.6
050US01071,14.28
050US01073,27.68
050US01075,15.46
050US01077,14.16
050US01079,16.3
050US01081,9.22
050US01083,11.74
050US01085,11.06
050US01087,9.92
050US01089,15.76
050US01091,13.76
050US01093,14.3
050US01095,17.7
050US01097,15.16
050US01099,14.54
050US01101,7.96
050US01103,17.5
050US01105,13.94
050US01107,15.92
050US01109,10.46
050US01111,16.82
050US01113,14.48
050US01115,25.54
050US01117,18.3
050US01119,13.92
050US01121,14.4
050US01123,13.6
050US01125,15.88
050US01127,26.82
050US01129,15.76
050US01131,12.38
050US01133,18.44
050US02013,20.92
050US02016,18.54
050US02020,20.48
050US02050,20.48
050US02060,22.6
050US02063,
050US02066,
050US02068,19.3
050US02070,22.28
050US02090,16.46
050US02100,18.26
050US02105,
050US02110,20.22
050US02122,23.4
050US02130,21.32
050US02150,20.54
050US02158,12.3
050US02164,21.44
050US02170,20.16
050US02180,20.38
050US02185,17.3
050US02188,17.1
050US02195,
050US02198,
050US02220,21.34
050US02230,
050US02240,17.96
050US02275,
050US02282,19.74
050US02290,19.68
050US04001,15.3
050US04003,21.28
050US04005,19.18
050US04007,30
050US04009,22.74
050US04011,27.64
050US04012,23.06
050US04013,21.98
050US04015,25.76
050US04017,21.02
050US04019,25.14
050US04021,16.06
050US04023,15.32
050US04025,28.82
050US04027,16.88
050US05001,15.26
050US05003,17.44
050US05005,21.74
050US05007,14.3
050US05009,17.8
050US05011,14.7
050US05013,15.22
050US05015,20.72
050US05017,15.12
050US05019,14.78
050US05021,22.42
050US05023,16.22
050US05025,14.96
050US05027,14.98
050US05029,17.48
050US05031,14.26
050US05033,20.8
050US05035,15.98
050US05037,17.62
050US05039,14.22
050US05041,14.96
050US05043,16.2
050US05045,14.52
050US05047,21.7
050US05049,25.02
050US05051,26.32
050US05053,15.46
050US05055,17.98
050US05057,15.64
050US05059,16.36
050US05061,18.8
050US05063,16.2
050US05065,23.68
050US05067,17.84
050US05069,13.88
050US05071,18.34
050US05073,13.94
050US05075,18.66
050US05077,15.72
050US05079,17.18
050US05081,16.82
050US05083,21.34
050US05085,16.58
050US05087,17.68
050US05089,20.94
050US05091,11.76
050US05093,16.54
050US05095,14.72
050US05097,21.72
050US05099,14.72
050US05101,20.52
050US05103,13.86
050US05105,18.24
050US05107,14.94
050US05109,19.56
050US05111,19.92
050US05113,19.52
050US05115,14.78
050US05117,14.74
050US05119,16.96
050US05121,19.24
050US05123,14.74
050US05125,19.5
050US05127,23.36
050US05129,19.48
050US05131,18
050US05133,21.34
050US05135,22.8
050US05137,17.82
050US05139,15.6
050US05141,17.5
050US05143,9.84
050US05145,15.54
050US05147,16.5
050US05149,17.9
050US06001,11.72
050US06003,24.8
050US06005,26.34
050US06007,28.36
050US06009,23.04
050US06011,19.9
050US06013,12.32
050US06015,22.26
050US06017,21.4
050US06019,13.6
050US06021,22.64
050US06023,33.6
050US06025,17.88
050US06027,22.84
050US06029,25.2
050US06031,12.92
050US06033,48.28
050US06035,32.88
050US06037,9.4
050US06039,15
050US06041,14.98
050US06043,22.96
050US06045,30.66
050US06047,14.72
050US06049,28.14
050US06051,19.06
050US06053,12.86
050US06055,13.7
050US06057,20.42
050US06059,12.7
050US06061,14.02
050US06063,30.44
050US06065,16.58
050US06067,17.4
050US06069,13
050US06071,8.86
050US06073,14.02
050US06075,27.6
050US06077,17.18
050US06079,17.18
050US06081,10.32
050US06083,16.3
050US06085,9.02
050US06087,17.92
050US06089,23.9
050US06091,29.98
050US06093,23.7
050US06095,15.04
050US06097,16.44
050US06099,16.08
050US06101,14.72
050US06103,17.2
050US06105,27.16
050US06107,10.58
050US06109,28.64
050US06111,15.58
050US06113,13.3
050US06115,16.32
050US08001,
050US08003,26.6
050US08005,16.42
050US08007,24.8
050US08009,21.7
050US08011,23.48
050US08013,16.06
050US08014,
050US08015,20.56
050US08017,16.24
050US08019,19.02
050US08021,36.36
050US08023,32.78
050US08025,21.16
050US08027,25.92
050US08029,18.8
050US08031,21.68
050US08033,22.18
050US08035,10.48
050US08037,13.2
050US08039,15.54
050US08041,24.64
050US08043,23.82
050US08045,17.1
050US08047,20.36
050US08049,18.14
050US08051,19.56
050US08053,22.5
050US08055,36.46
050US08057,19.98
050US08059,
050US08061,18.62
050US08063,15.96
050US08065,19
050US08067,17.58
050US08069,15.68
050US08071,33.88
050US08073,18.08
050US08075,17.08
050US08077,20.04
050US08079,25.28
050US08081,21.9
050US08083,21.38
050US08085,17.28
050US08087,15.86
050US08089,24.84
050US08091,20.44
050US08093,18.76
050US08095,15.18
050US08097,16.9
050US08099,19.6
050US08101,28.38
050US08103,21.32
050US08105,31.84
050US08107,18.48
050US08109,24.84
050US08111,22.04
050US08113,20.8
050US08115,16.4
050US08117,14.24
050US08119,19.34
050US08121,15.74
050US08123,
050US08125,14.6
050US09001,17.96
050US09003,30.92
050US09005,30.08
050US09007,27.66
050US09009,31.26
050US09011,32.78
050US09013,21.68
050US09015,31.6
050US10001,26.72
050US10003,35.3
050US10005,30.64
050US11001,34.64
050US12001,12.38
050US12003,22.4
050US12005,22.7
050US12007,22.68
050US12009,38.16
050US12011,23.96
050US12013,17.74
050US12015,10.78
050US12017,29.96
050US12019,26.14
050US12021,17.66
050US12023,21.14
050US12027,16.38
050US12029,26.78
050US12031,35.58
050US12033,21.22
050US12035,18.3
050US12037,23.66
050US12039,10.34
050US12041,20.36
050US12043,20.94
050US12045,22.92
050US12047,18.16
050US12049,16.78
050US12051,18.18
050US12053,24.78
050US12055,20.02
050US12057,17.46
050US12059,19.46
050US12061,20.92
050US12063,13.34
050US12065,15.48
050US12067,22.04
050US12069,18.66
050US12071,24.98
050US12073,9.16
050US12075,22.48
050US12077,16.62
050US12079,15.42
050US12081,34.42
050US12083,30.7
050US12085,24.72
050US12086,10.16
050US12087,28.22
050US12089,24.16
050US12091,22.48
050US12093,26.38
050US12095,17.56
050US12097,17.92
050US12099,32.32
050US12101,30.58
050US12103,29.28
050US12105,19.72
050US12107,18.48
050US12109,14.2
050US12111,24.6
050US12113,18.48
050US12115,25.12
050US12117,19.06
050US12119,14.94
050US12121,16.94
050US12123,18.54
050US12125,21.02
050US12127,26.56
050US12129,16.26
050US12131,18.64
050US12133,19.08
050US13001,16.86
050US13003,17.96
050US13005,20.48
050US13007,11.78
050US13009,11.64
050US13011,21.3
050US13013,17.82
050US13015,20.46
050US13017,14.5
050US13019,14.52
050US13021,12.4
050US13023,15.66
050US13025,22.76
050US13027,12.26
050US13029,12.88
050US13031,9.76
050US13033,15.2
050US13035,19.08
050US13037,11.08
050US13039,16.48
050US13043,13.74
050US13045,23.16
050US13047,23.84
050US13049,20.76
050US13051,12.9
050US13053,12.18
050US13055,22.6
050US13057,17.64
050US13059,13.16
050US13061,13.02
050US13063,10.52
050US13065,16.58
050US13067,15.98
050US13069,17.86
050US13071,11.6
050US13073,14.62
050US13075,13.44
050US13077,14.16
050US13079,17.86
050US13081,12.12
050US13083,21.18
050US13085,21.42
050US13087,11.8
050US13089,11.06
050US13091,16.92
050US13093,12.9
050US13095,11.18
050US13097,17.16
050US13099,12.24
050US13101,16.46
050US13103,12.04
050US13105,18.82
050US13107,13.96
050US13109,13.04
050US13111,25.14
050US13113,12.5
050US13115,18.76
050US13117,13.02
050US13119,26.34
050US13121,15.5
050US13123,21.66
050US13125,16.6
050US13127,17.08
050US13129,17.8
050US13131,10.84
050US13133,14.52
050US13135,10.14
050US13137,17.3
050US13139,16.1
050US13141,14.04
050US13143,27.46
050US13145,12.92
050US13147,19.14
050US13149,18.24
050US13151,14.86
050US13153,12.5
050US13155,14.04
050US13157,20.84
050US13159,15.32
050US13161,20.72
050US13163,14.48
050US13165,13.28
050US13167,14.34
050US13169,14.68
050US13171,17.44
050US13173,13.8
050US13175,14.78
050US13177,11.64
050US13179,12.04
050US13181,16.86
050US13183,14.9
050US13185,9.96
050US13187,22.2
050US13189,16.2
050US13191,16.34
050US13193,13.54
050US13195,20.92
050US13197,12.44
050US13199,16.46
050US13201,12.76
050US13205,11.88
050US13207,14.92
050US13209,16.42
050US13211,14.2
050US13213,24.7
050US13215,11.26
050US13217,14.04
050US13219,13.9
050US13221,17.58
050US13223,17.66
050US13225,15.22
050US13227,18.7
050US13229,19.18
050US13231,14.34
050US13233,22.26
050US13235,14.84
050US13237,14.4
050US13239,12.6
050US13241,27.62
050US13243,11.14
050US13245,22.52
050US13247,14.6
050US13249,12.38
050US13251,12.96
050US13253,13.62
050US13255,16.84
050US13257,21.92
050US13259,12.08
050US13261,11.22
050US13263,14.16
050US13265,15.46
050US13267,16.66
050US13269,14.76
050US13271,15.36
050US13273,10.66
050US13275,9.8
050US13277,11.68
050US13279,15.16
050US13281,24.1
050US13283,14.34
050US13285,14.84
050US13287,13.48
050US13289,14.98
050US13291,22.5
050US13293,15.3
050US13295,19.8
050US13297,17.58
050US13299,18.74
050US13301,15.42
050US13303,14.52
050US13305,21.2
050US13307,11.76
050US13309,16.18
050US13311,21
050US13313,17.1
050US13315,13.8
050US13317,16.8
050US13319,14.64
050US13321,13.4
050US15001,12.9
050US15003,15.16
050US15005,19.66
050US15007,15.28
050US15009,14.58
050US16001,15.2
050US16003,17.18
050US16005,23.16
050US16007,21.8
050US16009,17.92
050US16011,14.8
050US16013,15.64
050US16015,18.22
050US16017,15.44
050US16019,20.96
050US16021,19.7
050US16023,16.38
050US16025,16.48
050US16027,10.84
050US16029,19.6
050US16031,16.22
050US16033,17.16
050US16035,16.3
050US16037,17.4
050US16039,15.3
050US16041,19.26
050US16043,15.76
050US16045,19.66
050US16047,16.62
050US16049,16.16
050US16051,13.8
050US16053,14.72
050US16055,14.9
050US16057,14.22
050US16059,18.26
050US16061,16.3
050US16063,16.46
050US16065,12.08
050US16067,16.46
050US16069,17.04
050US16071,18.16
050US16073,18.2
050US16075,18.34
050US16077,17.34
050US16079,20.76
050US16081,16.44
050US16083,18.52
050US16085,19.1
050US16087,17.7
050US17001,15.46
050US17003,19.06
050US17005,22.64
050US17007,15.86
050US17009,15.4
050US17011,16.28
050US17013,20.28
050US17015,14.22
050US17017,16.74
050US17019,16.2
050US17021,17.36
050US17023,18.82
050US17025,18.44
050US17027,14.82
050US17029,14.44
050US17031,21.56
050US17033,17.1
050US17035,16.04
050US17037,13.46
050US17039,18.32
050US17041,15.52
050US17043,14.48
050US17045,17.56
050US17047,19.86
050US17049,16.54
050US17051,19.18
050US17053,17.8
050US17055,25.26
050US17057,16.38
050US17059,24.64
050US17061,20.08
050US17063,20.86
050US17065,21.4
050US17067,13.9
050US17069,26.36
050US17071,13.78
050US17073,12.3
050US17075,21.14
050US17077,18.76
050US17079,17.28
050US17081,19.88
050US17083,26.78
050US17085,12.48
050US17087,20.68
050US17089,12.82
050US17091,20.86
050US17093,13.68
050US17095,15.3
050US17097,13.44
050US17099,26.36
050US17101,18.82
050US17103,16.5
050US17105,21.9
050US17107,16.62
050US17109,13.12
050US17111,17.84
050US17113,16.32
050US17115,16.88
050US17117,17.7
050US17119,32.42
050US17121,23.8
050US17123,17.42
050US17125,17.04
050US17127,24.18
050US17129,17.22
050US17131,13.58
050US17133,18.5
050US17135,20.34
050US17137,15.58
050US17139,15.16
050US17141,15.12
050US17143,23.24
050US17145,19.1
050US17147,15.52
050US17149,18.76
050US17151,24.6
050US17153,20.66
050US17155,20
050US17157,18.84
050US17159,17.74
050US17161,12.92
050US17163,21.2
050US17165,28.04
050US17167,19.5
050US17169,14.74
050US17171,17.14
050US17173,16.46
050US17175,16.7
050US17177,15.44
050US17179,18.06
050US17181,20.46
050US17183,23.2
050US17185,18.06
050US17187,15.08
050US17189,18.46
050US17191,19.1
050US17193,23.74
050US17195,13.48
050US17197,18.66
050US17199,19.96
050US17201,38.42
050US17203,14.32
050US18001,15.38
050US18003,21.36
050US18005,23.2
050US18007,19.58
050US18009,30.28
050US18011,20.44
050US18013,21.08
050US18015,18.72
050US18017,16.12
050US18019,31.76
050US18021,18.4
050US18023,21.12
050US18025,21.64
050US18027,16.04
050US18029,30.26
050US18031,23.6
050US18033,15.58
050US18035,33.14
050US18037,13.68
050US18039,13.54
050US18041,49.06
050US18043,29.2
050US18045,19.84
050US18047,29.78
050US18049,19.74
050US18051,15.76
050US18053,29.7
050US18055,19.14
050US18057,12.76
050US18059,21.62
050US18061,22.44
050US18063,16.26
050US18065,27.5
050US18067,32.96
050US18069,18.54
050US18071,27.58
050US18073,19.36
050US18075,26.64
050US18077,22.52
050US18079,31.02
050US18081,20.88
050US18083,16.88
050US18085,15.76
050US18087,10.48
050US18089,23.16
050US18091,21.12
050US18093,17.88
050US18095,33.42
050US18097,33.92
050US18099,16.36
050US18101,18
050US18103,18.78
050US18105,18.56
050US18107,22.84
050US18109,26.92
050US18111,21.5
050US18113,13.04
050US18115,31.34
050US18117,16.72
050US18119,18.06
050US18121,16.78
050US18123,19.12
050US18125,15.72
050US18127,23.26
050US18129,18.32
050US18131,24.06
050US18133,15.48
050US18135,31.22
050US18137,26.68
050US18139,26.96
050US18141,19.78
050US18143,41.2
050US18145,22.7
050US18147,17.18
050US18149,35.12
050US18151,12.68
050US18153,21.18
050US18155,31.18
050US18157,18.48
050US18159,24.72
050US18161,38
050US18163,26.16
050US18165,21.86
050US18167,19.3
050US18169,22.64
050US18171,18.86
050US18173,12.9
050US18175,24.42
050US18177,52.24
050US18179,19.66
050US18181,19.46
050US18183,13.82
050US19001,12.44
050US19003,13.98
050US19005,13.2
050US19007,15.16
050US19009,11.98
050US19011,10.6
050US19013,9.38
050US19015,10.64
050US19017,9.74
050US19019,11.24
050US19021,11.36
050US19023,9.54
050US19025,11.52
050US19027,13.02
050US19029,12.8
050US19031,12.16
050US19033,12.06
050US19035,10.5
050US19037,10.1
050US19039,13.8
050US19041,10.56
050US19043,11.8
050US19045,12.16
050US19047,12.46
050US19049,8.66
050US19051,12.76
050US19053,14.54
050US19055,10.88
050US19057,13.14
050US19059,10.84
050US19061,10.38
050US19063,10.1
050US19065,11.5
050US19067,9.62
050US19069,9.58
050US19071,13.26
050US19073,11.36
050US19075,10.04
050US19077,11.18
050US19079,10.18
050US19081,9.7
050US19083,9.56
050US19085,12.4
050US19087,12.88
050US19089,9.64
050US19091,10.4
050US19093,11.56
050US19095,11.3
050US19097,12.84
050US19099,12.7
050US19101,13.3
050US19103,8.7
050US19105,11.46
050US19107,11.32
050US19109,10.16
050US19111,14.08
050US19113,13.04
050US19115,12.36
050US19117,14
050US19119,9.96
050US19121,12.7
050US19123,12.54
050US19125,12.66
050US19127,9.92
050US19129,12.04
050US19131,9.74
050US19133,12.4
050US19135,12.82
050US19137,14.44
050US19139,10.92
050US19141,10.82
050US19143,11.54
050US19145,14.8
050US19147,10.22
050US19149,9.86
050US19151,10.98
050US19153,16.42
050US19155,12.68
050US19157,11.56
050US19159,14.58
050US19161,12.02
050US19163,16.34
050US19165,12.3
050US19167,9.7
050US19169,8.58
050US19171,10.84
050US19173,14.02
050US19175,14.54
050US19177,13.58
050US19179,13.16
050US19181,12.04
050US19183,10.76
050US19185,14.6
050US19187,12.92
050US19189,9.86
050US19191,10.46
050US19193,10.14
050US19195,11.5
050US19197,10.32
050US20001,20.52
050US20003,17.64
050US20005,13.96
050US20007,18.44
050US20009,12.36
050US20011,21.12
050US20013,15.88
050US20015,16.04
050US20017,14.62
050US20019,20.7
050US20021,18.34
050US20023,14.28
050US20025,15.3
050US20027,12.96
050US20029,11.72
050US20031,17.28
050US20033,17.02
050US20035,17.56
050US20037,15.86
050US20039,13.16
050US20041,13.02
050US20043,13.64
050US20045,12.66
050US20047,13.6
050US20049,20
050US20051,13.04
050US20053,14.18
050US20055,12.46
050US20057,11.2
050US20059,16.42
050US20061,12.82
050US20063,12.94
050US20065,12.58
050US20067,13.62
050US20069,12.56
050US20071,16.9
050US20073,19.16
050US20075,17.26
050US20077,18.86
050US20079,13.94
050US20081,13.58
050US20083,12.46
050US20085,13.9
050US20087,13.62
050US20089,11.36
050US20091,10.1
050US20093,13.8
050US20095,17.64
050US20097,14.88
050US20099,18.9
050US20101,12.48
050US20103,14.58
050US20105,12.86
050US20107,19.98
050US20109,14.62
050US20111,12.36
050US20113,13.26
050US20115,13.96
050US20117,11.14
050US20119,14.26
050US20121,15.66
050US20123,11.7
050US20125,18.8
050US20127,13.18
050US20129,18.36
050US20131,12.08
050US20133,19.46
050US20135,13
050US20137,12.72
050US20139,15.8
050US20141,14.1
050US20143,12.2
050US20145,13.66
050US20147,11.64
050US20149,12.7
050US20151,16.36
050US20153,13.52
050US20155,16.44
050US20157,11
050US20159,14.46
050US20161,8.98
050US20163,13.18
050US20165,13.48
050US20167,13.92
050US20169,16.08
050US20171,13.1
050US20173,17.92
050US20175,14.74
050US20177,16.52
050US20179,12.7
050US20181,15.04
050US20183,12.52
050US20185,13.94
050US20187,16.58
050US20189,15.24
050US20191,17.44
050US20193,13.78
050US20195,12.96
050US20197,13.48
050US20199,15.04
050US20201,10.68
050US20203,14.62
050US20205,20.5
050US20207,20.38
050US20209,12.72
050US21001,24.7
050US21003,22.88
050US21005,30.88
050US21007,23.88
050US21009,18.26
050US21011,37.18
050US21013,55.64
050US21015,33.64
050US21017,31.64
050US21019,51.22
050US21021,27.42
050US21023,38.72
050US21025,48.32
050US21027,18.52
050US21029,27.4
050US21031,23.08
050US21033,19.9
050US21035,17.14
050US21037,55.18
050US21039,19.46
050US21041,33.66
050US21043,40.18
050US21045,29.96
050US21047,13.6
050US21049,42.24
050US21051,41.84
050US21053,42.86
050US21055,23.02
050US21057,31.56
050US21059,16.88
050US21061,22.96
050US21063,38.08
050US21065,51.1
050US21067,34.52
050US21069,33.34
050US21071,52.84
050US21073,28.52
050US21075,18.28
050US21077,45.38
050US21079,28.3
050US21081,44.76
050US21083,17.22
050US21085,26.54
050US21087,23.44
050US21089,42.44
050US21091,19.74
050US21093,18.7
050US21095,42.58
050US21097,41.52
050US21099,22.08
050US21101,17.04
050US21103,25.48
050US21105,19.04
050US21107,20.1
050US21109,31.5
050US21111,38.14
050US21113,34.24
050US21115,38.76
050US21117,57.6
050US21119,49.04
050US21121,41.54
050US21123,23.08
050US21125,26.22
050US21127,40.32
050US21129,49.82
050US21131,50.4
050US21133,42.06
050US21135,35.02
050US21137,29.92
050US21139,27.64
050US21141,17.38
050US21143,22.58
050US21145,21.36
050US21147,27.82
050US21149,23.04
050US21151,38.92
050US21153,43.9
050US21155,24.12
050US21157,22.28
050US21159,53
050US21161,34.74
050US21163,20.02
050US21165,41.14
050US21167,25.92
050US21169,25.16
050US21171,28.6
050US21173,37.68
050US21175,33
050US21177,20.26
050US21179,23.26
050US21181,35.46
050US21183,20.66
050US21185,18
050US21187,37.7
050US21189,47.38
050US21191,42.28
050US21193,46.14
050US21195,41.56
050US21197,53
050US21199,24.56
050US21201,36.94
050US21203,33.36
050US21205,31.04
050US21207,37.52
050US21209,25.44
050US21211,22.32
050US21213,18.9
050US21215,24.24
050US21217,28.24
050US21219,20.14
050US21221,19.68
050US21223,26.28
050US21225,25.64
050US21227,15.68
050US21229,23.46
050US21231,27.32
050US21233,21.94
050US21235,39.98
050US21237,50.98
050US21239,27.22
050US22001,21.26
050US22003,18.58
050US22005,21.12
050US22007,18.32
050US22009,19.36
050US22011,16.88
050US22013,15.26
050US22015,13.58
050US22017,13.52
050US22019,17.8
050US22021,16.96
050US22023,22.62
050US22025,17.74
050US22027,16.04
050US22029,16.5
050US22031,15.7
050US22033,19.88
050US22035,13.44
050US22037,16
050US22039,21.32
050US22041,13.62
050US22043,15.94
050US22045,18.34
050US22047,17.4
050US22049,15.68
050US22051,34.88
050US22053,25.22
050US22055,19.42
050US22057,19.98
050US22059,20.4
050US22061,11.56
050US22063,35.86
050US22065,13.5
050US22067,18.7
050US22069,13.06
050US22071,35.76
050US22073,16.58
050US22075,25.62
050US22077,18.14
050US22079,20.82
050US22081,14.34
050US22083,15.96
050US22085,13.96
050US22087,45.96
050US22089,23.26
050US22091,23.3
050US22093,18.14
050US22095,23.8
050US22097,18.32
050US22099,15.06
050US22101,20.76
050US22103,32.42
050US22105,28.68
050US22107,14.26
050US22109,28.48
050US22111,14.38
050US22113,17.3
050US22115,13.92
050US22117,50.74
050US22119,14.92
050US22121,18.12
050US22123,18.04
050US22125,18.46
050US22127,17.52
050US23001,23.16
050US23003,16.48
050US23005,25.36
050US23007,17.56
050US23009,19.52
050US23011,28.12
050US23013,21.92
050US23015,21.94
050US23017,18.66
050US23019,27.72
050US23021,21.1
050US23023,16.92
050US23025,21.98
050US23027,19.14
050US23029,30.2
050US23031,28.12
050US24001,36.08
050US24003,37.22
050US24005,43.84
050US24009,29.32
050US24011,29.82
050US24013,32.46
050US24015,49.12
050US24017,21.08
050US24019,24.5
050US24021,26.2
050US24023,21.28
050US24025,34.46
050US24027,15.46
050US24029,27.28
050US24031,11
050US24033,14.24
050US24035,26.1
050US24037,22.92
050US24039,23.8
050US24041,22.18
050US24043,39.5
050US24045,25.56
050US24047,28.34
050US24510,88.58
050US25001,34.08
050US25003,28.34
050US25005,42.12
050US25007,22.96
050US25009,35.04
050US25011,21.58
050US25013,33.58
050US25015,20.98
050US25017,22.52
050US25019,19.88
050US25021,24.84
050US25023,34.38
050US25025,29.66
050US25027,31.02
050US26001,20.24
050US26003,18.56
050US26005,14.06
050US26007,17.32
050US26009,17.88
050US26011,20.08
050US26013,17.54
050US26015,15.02
050US26017,23.78
050US26019,18.5
050US26021,18.64
050US26023,16.6
050US26025,30.98
050US26027,16.1
050US26029,15.7
050US26031,17.72
050US26033,15.76
050US26035,24.34
050US26037,13.74
050US26039,25.6
050US26041,15.3
050US26043,20.56
050US26045,17.4
050US26047,14.88
050US26049,34.62
050US26051,22.56
050US26053,19.56
050US26055,17.1
050US26057,13.34
050US26059,16.04
050US26061,13.48
050US26063,17.74
050US26065,25.38
050US26067,15.88
050US26069,22.92
050US26071,19.44
050US26073,15.02
050US26075,11.14
050US26077,18.2
050US26079,19.28
050US26081,15.6
050US26083,16.3
050US26085,17.22
050US26087,18.44
050US26089,14.68
050US26091,19.08
050US26093,18.16
050US26095,16.88
050US26097,16.48
050US26099,35.42
050US26101,24.1
050US26103,17.94
050US26105,18.24
050US26107,13.64
050US26109,17.14
050US26111,15.28
050US26113,20.54
050US26115,30.16
050US26117,16.44
050US26119,18.32
050US26121,24.22
050US26123,15.32
050US26125,12.76
050US26127,16.98
050US26129,24.86
050US26131,18.78
050US26133,18.16
050US26135,23.34
050US26137,21.46
050US26139,13.64
050US26141,18.06
050US26143,25.38
050US26145,20.68
050US26147,34.02
050US26149,14.16
050US26151,17.5
050US26153,18.56
050US26155,20.26
050US26157,16.52
050US26159,21.08
050US26161,18.42
050US26163,39.62
050US26165,20.74
050US27001,17.14
050US27003,12.16
050US27005,12.1
050US27007,15.6
050US27009,12.12
050US27011,10.68
050US27013,8.86
050US27015,9.76
050US27017,15.78
050US27019,7.66
050US27021,20.14
050US27023,9.94
050US27025,11.28
050US27027,12.38
050US27029,15.1
050US27031,16.1
050US27033,10.82
050US27035,13.32
050US27037,9.7
050US27039,10.1
050US27041,9.54
050US27043,10.32
050US27045,10.94
050US27047,10.36
050US27049,10.28
050US27051,10.02
050US27053,15.58
050US27055,12.16
050US27057,13.76
050US27059,12.28
050US27061,14.94
050US27063,10.42
050US27065,13.3
050US27067,9.84
050US27069,13.14
050US27071,16.32
050US27073,10.34
050US27075,16.58
050US27077,16.52
050US27079,9.5
050US27081,10.82
050US27083,11.74
050US27085,10.24
050US27087,18.36
050US27089,12.7
050US27091,10.62
050US27093,11
050US27095,17.82
050US27097,14.32
050US27099,11.66
050US27101,11.02
050US27103,9.52
050US27105,11.76
050US27107,11.3
050US27109,10.34
050US27111,10.36
050US27113,15.18
050US27115,14.38
050US27117,10.16
050US27119,13.42
050US27121,10.4
050US27123,16.46
050US27125,13.46
050US27127,11.62
050US27129,10.94
050US27131,9.28
050US27133,10.92
050US27135,15.48
050US27137,17.02
050US27139,8.48
050US27141,10.98
050US27143,9.46
050US27145,10.82
050US27147,9.82
050US27149,10.18
050US27151,10.02
050US27153,11.96
050US27155,10.78
050US27157,11.28
050US27159,13.78
050US27161,10.18
050US27163,10.66
050US27165,9.84
050US27167,10.4
050US27169,12.14
050US27171,8.3
050US27173,10.62
050US28001,14.94
050US28003,17.76
050US28005,17.34
050US28007,12.28
050US28009,14.64
050US28011,10.72
050US28013,13.82
050US28015,12.38
050US28017,13.44
050US28019,12.26
050US28021,11.72
050US28023,15.54
050US28025,12.16
050US28027,16.2
050US28029,12.58
050US28031,17.7
050US28033,17.26
050US28035,13.78
050US28037,17.1
050US28039,20
050US28041,16.78
050US28043,12.46
050US28045,35.56
050US28047,21.18
050US28049,9.34
050US28051,11.98
050US28053,10.96
050US28055,12.16
050US28057,15.98
050US28059,22.04
050US28061,14.36
050US28063,13.24
050US28065,16.52
050US28067,13.24
050US28069,12.34
050US28071,11.72
050US28073,15.38
050US28075,10.9
050US28077,17.72
050US28079,12.42
050US28081,13.14
050US28083,11.58
050US28085,14.36
050US28087,11.66
050US28089,9.1
050US28091,25.54
050US28093,13.34
050US28095,12.14
050US28097,14.3
050US28099,13.06
050US28101,13.4
050US28103,11.9
050US28105,9.06
050US28107,14.98
050US28109,30.66
050US28111,17.36
050US28113,14.94
050US28115,16.46
050US28117,16.1
050US28119,16.18
050US28121,14.48
050US28123,11.6
050US28125,11.86
050US28127,15.72
050US28129,15.38
050US28131,21.6
050US28133,11.62
050US28135,14.24
050US28137,18.44
050US28139,16.1
050US28141,22.2
050US28143,15.28
050US28145,13.56
050US28147,21.26
050US28149,10.84
050US28151,10.3
050US28153,16.68
050US28155,13.82
050US28157,16.66
050US28159,12.8
050US28161,13.84
050US28163,11.32
050US29001,17.06
050US29003,14.78
050US29005,13.04
050US29007,16.98
050US29009,15.72
050US29011,20.28
050US29013,23.36
050US29015,20.5
050US29017,23.12
050US29019,15.84
050US29021,14.8
050US29023,25.9
050US29025,19.42
050US29027,19.28
050US29029,21.08
050US29031,18.6
050US29033,18.64
050US29035,25.72
050US29037,15.14
050US29039,23.68
050US29041,17.36
050US29043,17.42
050US29045,14.86
050US29047,15.5
050US29049,18.42
050US29051,15.68
050US29053,17.58
050US29055,28.86
050US29057,21.18
050US29059,21.56
050US29061,16.94
050US29063,16.66
050US29065,30.28
050US29067,19.44
050US29069,22.06
050US29071,32.42
050US29073,25.48
050US29075,16.28
050US29077,28.14
050US29079,18.1
050US29081,16.92
050US29083,15.68
050US29085,23.44
050US29087,13.62
050US29089,16.28
050US29091,19.84
050US29093,30.46
050US29095,18.76
050US29097,14.54
050US29099,39.34
050US29101,10.8
050US29103,16.38
050US29105,17.92
050US29107,14.94
050US29109,18.56
050US29111,16.98
050US29113,26.34
050US29115,16.6
050US29117,20.88
050US29119,17
050US29121,16.52
050US29123,26.94
050US29125,23.24
050US29127,20.4
050US29129,15.32
050US29131,18.52
050US29133,22.2
050US29135,18.72
050US29137,18.32
050US29139,25.62
050US29141,17.66
050US29143,21.7
050US29145,15.98
050US29147,13.4
050US29149,23.34
050US29151,20.78
050US29153,22.56
050US29155,22.28
050US29157,21.68
050US29159,15.12
050US29161,26.68
050US29163,20.64
050US29165,13.24
050US29167,23.24
050US29169,26.16
050US29171,15.24
050US29173,17.6
050US29175,17.2
050US29177,18.94
050US29179,28.92
050US29181,22.34
050US29183,22.66
050US29185,19.9
050US29186,25.86
050US29187,34.76
050US29189,27.82
050US29195,17.32
050US29197,14.54
050US29199,14.62
050US29201,21.14
050US29203,25.74
050US29205,17.56
050US29207,19.76
050US29209,19.5
050US29211,16.56
050US29213,19.18
050US29215,19.5
050US29217,20.24
050US29219,27.3
050US29221,30.32
050US29223,26.4
050US29225,22.88
050US29227,15.08
050US29229,18.2
050US29510,60.38
050US30001,18.32
050US30003,18.44
050US30005,17.22
050US30007,15.06
050US30009,17.9
050US30011,14.48
050US30013,15.56
050US30015,16.9
050US30017,16.66
050US30019,18.44
050US30021,16.22
050US30023,23.7
050US30025,14.26
050US30027,16.7
050US30029,16.28
050US30031,10.72
050US30033,15.9
050US30035,21
050US30037,16.2
050US30039,18.6
050US30041,19.3
050US30043,18.36
050US30045,15.78
050US30047,20.72
050US30049,15.66
050US30051,17.56
050US30053,18.96
050US30055,16.14
050US30057,17.36
050US30059,15.6
050US30061,21.32
050US30063,16.14
050US30065,16.6
050US30067,18.16
050US30069,16.16
050US30071,15.44
050US30073,17.48
050US30075,15.96
050US30077,22.38
050US30079,16.1
050US30081,15.88
050US30083,17.22
050US30085,18.38
050US30087,17.32
050US30089,19.24
050US30091,17.36
050US30093,21.42
050US30095,15.86
050US30097,15.9
050US30099,17.66
050US30101,18.76
050US30103,16.96
050US30105,15.92
050US30107,16.32
050US30109,15.44
050US30111,17.84
050US31001,10.88
050US31003,9.32
050US31005,13.04
050US31007,15.56
050US31009,11.22
050US31011,9.56
050US31013,15.2
050US31015,10.26
050US31017,11.34
050US31019,9.24
050US31021,11.26
050US31023,9.26
050US31025,11.32
050US31027,9.58
050US31029,13.16
050US31031,12.08
050US31033,15.64
050US31035,9.6
050US31037,9.5
050US31039,10.02
050US31041,11.12
050US31043,11.08
050US31045,15.68
050US31047,11.62
050US31049,14.2
050US31051,9.56
050US31053,10.4
050US31055,9.76
050US31057,13.96
050US31059,9.74
050US31061,11.7
050US31063,11.88
050US31065,12.72
050US31067,10.82
050US31069,14
050US31071,11.24
050US31073,11.4
050US31075,12.82
050US31077,10.08
050US31079,8.14
050US31081,9.1
050US31083,11.64
050US31085,13.18
050US31087,13.88
050US31089,9.92
050US31091,12.26
050US31093,9.82
050US31095,10.36
050US31097,11.48
050US31099,10.72
050US31101,13.5
050US31103,11.24
050US31105,16.72
050US31107,9.58
050US31109,8.92
050US31111,11.92
050US31113,11.56
050US31115,10.9
050US31117,12.26
050US31119,9.68
050US31121,10.56
050US31123,14.62
050US31125,9.84
050US31127,13.12
050US31129,10.36
050US31131,11.6
050US31133,12.04
050US31135,13.74
050US31137,11.28
050US31139,9.34
050US31141,9.6
050US31143,9.52
050US31145,13.36
050US31147,13.7
050US31149,10.74
050US31151,9.86
050US31153,8.68
050US31155,9.1
050US31157,13.28
050US31159,9.62
050US31161,13.38
050US31163,9.9
050US31165,15.36
050US31167,9.64
050US31169,10.12
050US31171,11.72
050US31173,10.96
050US31175,10.58
050US31177,11.34
050US31179,9.4
050US31181,11.28
050US31183,10.16
050US31185,10.32
050US32001,28.58
050US32003,21.52
050US32005,22.72
050US32007,17.04
050US32009,21.34
050US32011,24.3
050US32013,20.66
050US32015,25.82
050US32017,25.8
050US32019,25.92
050US32021,28.04
050US32023,34.04
050US32027,25.34
050US32029,28.24
050US32031,25.58
050US32033,28.2
050US32510,29.86
050US33001,30.8
050US33003,25.06
050US33005,24.1
050US33007,23.28
050US33009,17.98
050US33011,38.3
050US33013,25.04
050US33015,28.14
050US33017,33.3
050US33019,19.4
050US34001,42.04
050US34003,13.8
050US34005,30.72
050US34007,46.6
050US34009,37
050US34011,39.08
050US34013,28.7
050US34015,42.08
050US34017,17.72
050US34019,14.36
050US34021,22.22
050US34023,20.68
050US34025,26.08
050US34027,16.2
050US34029,33.08
050US34031,20.1
050US34033,37.36
050US34035,14.36
050US34037,23.38
050US34039,18.02
050US34041,22.32
050US35001,30.62
050US35003,27.54
050US35005,26
050US35006,22.68
050US35007,31.88
050US35009,18.68
050US35011,26.48
050US35013,18.34
050US35015,27.88
050US35017,30.76
050US35019,35.88
050US35021,26.12
050US35023,21.46
050US35025,21.06
050US35027,32.66
050US35028,27.86
050US35029,21.18
050US35031,17
050US35033,33.86
050US35035,23.34
050US35037,26.72
050US35039,67.64
050US35041,21.44
050US35043,20.98
050US35045,20.14
050US35047,37.3
050US35049,31.44
050US35051,32.84
050US35053,28.56
050US35055,32.38
050US35057,34.1
050US35059,23.24
050US35061,32.54
050US36001,14.08
050US36003,12.38
050US36005,23.44
050US36007,23.04
050US36009,15.76
050US36011,16.76
050US36013,20
050US36015,21.42
050US36017,12.38
050US36019,13.24
050US36021,17.2
050US36023,16.02
050US36025,17.14
050US36027,24.14
050US36029,25.44
050US36031,13.12
050US36033,12.3
050US36035,12.3
050US36037,18.02
050US36039,19.78
050US36041,12.24
050US36043,13
050US36045,15.18
050US36047,12.42
050US36049,15.58
050US36051,13.98
050US36053,13.56
050US36055,22.26
050US36057,13.44
050US36059,15
050US36061,15.9
050US36063,21.02
050US36065,18.64
050US36067,22.46
050US36069,14.76
050US36071,22.26
050US36073,12.54
050US36075,18.62
050US36077,14.04
050US36079,18.9
050US36081,10.86
050US36083,12.4
050US36085,23.3
050US36087,12.4
050US36089,11.82
050US36091,9.34
050US36093,15.52
050US36095,12.72
050US36097,13.86
050US36099,13.22
050US36101,13.24
050US36103,24.44
050US36105,30.38
050US36107,15.74
050US36109,15.4
050US36111,23.52
050US36113,11.56
050US36115,9.94
050US36117,12.58
050US36119,13.54
050US36121,14.4
050US36123,13.56
050US37001,18.54
050US37003,24.4
050US37005,26.62
050US37007,17.5
050US37009,23.16
050US37011,24.68
050US37013,22.56
050US37015,17.58
050US37017,20.3
050US37019,28.24
050US37021,30.16
050US37023,31.64
050US37025,22.08
050US37027,27.38
050US37029,18.84
050US37031,28.2
050US37033,18.04
050US37035,23.04
050US37037,13.04
050US37039,32.1
050US37041,20.6
050US37043,30.32
050US37045,21.1
050US37047,21.56
050US37049,29.34
050US37051,22.54
050US37053,20.16
050US37055,26.54
050US37057,25.66
050US37059,22.4
050US37061,13.08
050US37063,13.22
050US37065,19.24
050US37067,22.44
050US37069,18.36
050US37071,24.12
050US37073,18.02
050US37075,31.56
050US37077,15.66
050US37079,14.42
050US37081,19.44
050US37083,19.54
050US37085,19.08
050US37087,29.28
050US37089,21.82
050US37091,17.16
050US37093,15.58
050US37095,23.32
050US37097,19.86
050US37099,27.34
050US37101,15.44
050US37103,22.4
050US37105,19.98
050US37107,17.28
050US37109,20.68
050US37111,27.56
050US37113,25.88
050US37115,23.68
050US37117,19.3
050US37119,15.98
050US37121,29.16
050US37123,18.7
050US37125,16.66
050US37127,17.84
050US37129,30.1
050US37131,17.36
050US37133,18.48
050US37135,12.72
050US37137,26.64
050US37139,20.12
050US37141,22.3
050US37143,18.52
050US37145,17.94
050US37147,18.9
050US37149,25.08
050US37151,28.14
050US37153,21.18
050US37155,21.78
050US37157,25.44
050US37159,32.4
050US37161,27.68
050US37163,18.18
050US37165,18.38
050US37167,25.36
050US37169,28.38
050US37171,26.9
050US37173,32.08
050US37175,24.7
050US37177,20.28
050US37179,13.26
050US37181,20.5
050US37183,11.72
050US37185,16
050US37187,17.86
050US37189,17.28
050US37191,17.48
050US37193,34.6
050US37195,15.46
050US37197,25.06
050US37199,27.68
050US38001,12.12
050US38003,9.22
050US38005,13.64
050US38007,13.1
050US38009,12.2
050US38011,12.96
050US38013,12.66
050US38015,9
050US38017,9.34
050US38019,12.2
050US38021,9.62
050US38023,14.68
050US38025,12.66
050US38027,10.1
050US38029,10.98
050US38031,9.24
050US38033,13.94
050US38035,10.28
050US38037,11.62
050US38039,9.38
050US38041,11.6
050US38043,9.6
050US38045,9.12
050US38047,9.46
050US38049,10.4
050US38051,9.9
050US38053,16.26
050US38055,11.02
050US38057,11.22
050US38059,11.84
050US38061,13.32
050US38063,10.52
050US38065,10.52
050US38067,12.3
050US38069,10.84
050US38071,11.64
050US38073,9.74
050US38075,11.48
050US38077,10.4
050US38079,12.38
050US38081,9.72
050US38083,10.06
050US38085,13.1
050US38087,12.76
050US38089,12.88
050US38091,9.76
050US38093,9.16
050US38095,12.04
050US38097,10.22
050US38099,11.34
050US38101,10.08
050US38103,9.84
050US38105,15.2
050US39001,41.08
050US39003,19.4
050US39005,16.42
050US39007,31.52
050US39009,18.58
050US39011,13.62
050US39013,24.14
050US39015,46.04
050US39017,51.78
050US39019,20.5
050US39021,25.12
050US39023,48.94
050US39025,43.2
050US39027,39.84
050US39029,33.1
050US39031,16.02
050US39033,26.2
050US39035,38.4
050US39037,29.02
050US39039,16.3
050US39041,13.18
050US39043,28.7
050US39045,19.32
050US39047,35.78
050US39049,32.84
050US39051,16
050US39053,40.74
050US39055,19.64
050US39057,29.44
050US39059,22.98
050US39061,45.58
050US39063,22.08
050US39065,22.12
050US39067,22
050US39069,17.22
050US39071,34.86
050US39073,24.62
050US39075,13.54
050US39077,27.58
050US39079,32.7
050US39081,32.84
050US39083,18.16
050US39085,32.6
050US39087,39.34
050US39089,21.1
050US39091,23.56
050US39093,33.88
050US39095,38.1
050US39097,26.78
050US39099,38.2
050US39101,33.3
050US39103,18.72
050US39105,29.88
050US39107,13.98
050US39109,27.18
050US39111,20.06
050US39113,61.14
050US39115,20.36
050US39117,22.38
050US39119,22.76
050US39121,20.22
050US39123,21.24
050US39125,16.38
050US39127,20.62
050US39129,25.08
050US39131,39.24
050US39133,21.38
050US39135,36.92
050US39137,12.92
050US39139,35.9
050US39141,42.32
050US39143,23.5
050US39145,57.46
050US39147,18.94
050US39149,23.94
050US39151,23.86
050US39153,38.28
050US39155,48.44
050US39157,15.42
050US39159,18.16
050US39161,17.12
050US39163,29.98
050US39165,24.56
050US39167,21.14
050US39169,17.86
050US39171,15.02
050US39173,15.4
050US39175,17.8
050US40001,22.86
050US40003,18.2
050US40005,24.7
050US40007,16.7
050US40009,22.86
050US40011,21.32
050US40013,23.66
050US40015,23.1
050US40017,14.78
050US40019,29.24
050US40021,26.56
050US40023,24.02
050US40025,20.5
050US40027,17.08
050US40029,30.98
050US40031,16.54
050US40033,23.9
050US40035,22.74
050US40037,25.32
050US40039,16.82
050US40041,20.02
050US40043,18.14
050US40045,18.14
050US40047,15.9
050US40049,30.88
050US40051,22.56
050US40053,17.42
050US40055,22.82
050US40057,21.72
050US40059,16.84
050US40061,25.92
050US40063,28
050US40065,22.24
050US40067,28.68
050US40069,33.24
050US40071,17.98
050US40073,17.74
050US40075,23.26
050US40077,28.84
050US40079,25.38
050US40081,22.68
050US40083,15.84
050US40085,27.56
050US40087,21.88
050US40089,23.66
050US40091,28.74
050US40093,18.02
050US40095,20.84
050US40097,25.92
050US40099,32.12
050US40101,29.1
050US40103,19.54
050US40105,20.62
050US40107,26.18
050US40109,20.06
050US40111,25.58
050US40113,21.38
050US40115,21.08
050US40117,28.08
050US40119,13.72
050US40121,27.24
050US40123,26.62
050US40125,25.08
050US40127,29.46
050US40129,17.5
050US40131,16.38
050US40133,27.36
050US40135,28.58
050US40137,23.74
050US40139,17.54
050US40141,22.52
050US40143,20.72
050US40145,22.58
050US40147,19.44
050US40149,22.28
050US40151,19.58
050US40153,19.06
050US41001,17.58
050US41003,10.52
050US41005,10.8
050US41007,21.3
050US41009,16.16
050US41011,16.82
050US41013,15.8
050US41015,21.28
050US41017,12.18
050US41019,16.46
050US41021,14.06
050US41023,15.94
050US41025,17.88
050US41027,13.98
050US41029,17.7
050US41031,13.3
050US41033,19.3
050US41035,18.14
050US41037,20.28
050US41039,19.18
050US41041,20.24
050US41043,14.52
050US41045,15.04
050US41047,11.92
050US41049,13.82
050US41051,19.8
050US41053,11.38
050US41055,14.62
050US41057,18.72
050US41059,12.02
050US41061,16.18
050US41063,15.46
050US41065,13.94
050US41067,9.74
050US41069,14.6
050US41071,12.38
050US42001,16.22
050US42003,45.08
050US42005,37.5
050US42007,38.3
050US42009,23.86
050US42011,22.64
050US42013,26.2
050US42015,19.06
050US42017,33.86
050US42019,32.72
050US42021,48.02
050US42023,16.78
050US42025,32.74
050US42027,11.2
050US42029,23.84
050US42031,19.66
050US42033,19.84
050US42035,15.16
050US42037,21.06
050US42039,27.52
050US42041,19.82
050US42043,27.7
050US42045,39.36
050US42047,19.98
050US42049,27.42
050US42051,40.38
050US42053,19.68
050US42055,16.72
050US42057,26.22
050US42059,30.1
050US42061,19.12
050US42063,34.68
050US42065,22.4
050US42067,15.46
050US42069,34.2
050US42071,21.16
050US42073,39.2
050US42075,14.78
050US42077,25.02
050US42079,38.4
050US42081,20.24
050US42083,17.84
050US42085,31.54
050US42087,18.68
050US42089,22.4
050US42091,25.22
050US42093,23.16
050US42095,27.76
050US42097,26.16
050US42099,20.3
050US42101,54.1
050US42103,26.64
050US42105,16.16
050US42107,30.2
050US42109,14.22
050US42111,27.28
050US42113,19.24
050US42115,21.84
050US42117,15.12
050US42119,12.22
050US42121,22.2
050US42123,16.46
050US42125,38.98
050US42127,27.8
050US42129,43.58
050US42131,30.1
050US42133,25.62
050US44001,22.7
050US44003,29.98
050US44005,22.56
050US44007,32.28
050US44009,20.48
050US45001,17.92
050US45003,21.72
050US45005,12.86
050US45007,20.68
050US45009,15.4
050US45011,15.42
050US45013,13
050US45015,18.48
050US45017,14.18
050US45019,19.78
050US45021,17.06
050US45023,16.12
050US45025,16.12
050US45027,12.78
050US45029,19
050US45031,15.02
050US45033,15.62
050US45035,16.68
050US45037,15.32
050US45039,15.7
050US45041,15.94
050US45043,23.1
050US45045,23.3
050US45047,17.28
050US45049,13.54
050US45051,29.36
050US45053,15.8
050US45055,15.54
050US45057,20.24
050US45059,21.9
050US45061,13.86
050US45063,18.46
050US45065,16.52
050US45067,16.76
050US45069,14.56
050US45071,13.88
050US45073,28.54
050US45075,11.88
050US45077,29.16
050US45079,15.8
050US45081,14.76
050US45083,23.7
050US45085,13.42
050US45087,18.58
050US45089,15.8
050US45091,20.28
050US46003,10.26
050US46005,11.18
050US46007,12.3
050US46009,9.62
050US46011,10.08
050US46013,10.34
050US46015,11.54
050US46017,11.82
050US46019,13.22
050US46021,11.62
050US46023,10.46
050US46025,10.34
050US46027,9.38
050US46029,10.52
050US46031,13.42
050US46033,15.02
050US46035,9.4
050US46037,10.14
050US46039,10.46
050US46041,12.82
050US46043,9.86
050US46045,10.22
050US46047,18.26
050US46049,10.78
050US46051,10.2
050US46053,11.08
050US46055,12.08
050US46057,10.14
050US46059,10.64
050US46061,9.54
050US46063,13.02
050US46065,11.12
050US46067,9.14
050US46069,10.8
050US46071,11.86
050US46073,10.78
050US46075,11.82
050US46077,9.82
050US46079,9.48
050US46081,13.76
050US46083,8.38
050US46085,11.62
050US46087,9.5
050US46089,10.22
050US46091,10.4
050US46093,12.72
050US46095,12.08
050US46097,9.8
050US46099,11.3
050US46101,10.32
050US46102,15.2
050US46103,11.06
050US46105,12.6
050US46107,10.88
050US46109,11.3
050US46111,9.98
050US46115,11.12
050US46117,11.44
050US46119,11.08
050US46121,14.3
050US46123,11.38
050US46125,9.54
050US46127,9.74
050US46129,10.94
050US46135,10.42
050US46137,13.5
050US47001,40.08
050US47003,20.82
050US47005,33.02
050US47007,23.9
050US47009,32.1
050US47011,23.66
050US47013,37.98
050US47015,30.72
050US47017,20.06
050US47019,27.92
050US47021,39.8
050US47023,19.5
050US47025,38.88
050US47027,38.88
050US47029,28.24
050US47031,25.84
050US47033,17.44
050US47035,23.2
050US47037,33.62
050US47039,27.24
050US47041,32.06
050US47043,29.14
050US47045,16.16
050US47047,15.64
050US47049,32.06
050US47051,22.38
050US47053,19.24
050US47055,23.4
050US47057,29.74
050US47059,27.98
050US47061,27.16
050US47063,29.84
050US47065,21.12
050US47067,41.62
050US47069,16.12
050US47071,29.24
050US47073,30.04
050US47075,17.06
050US47077,22.76
050US47079,25.78
050US47081,27.82
050US47083,28.02
050US47085,27.46
050US47087,36.9
050US47089,24.82
050US47091,21.54
050US47093,44.52
050US47095,18.24
050US47097,20.54
050US47099,23.42
050US47101,25.36
050US47103,19.28
050US47105,31.52
050US47107,26.68
050US47109,22.16
050US47111,25.46
050US47113,13.66
050US47115,22.22
050US47117,24.98
050US47119,22.2
050US47121,33.36
050US47123,29.76
050US47125,22.04
050US47127,21.32
050US47129,32.4
050US47131,15.66
050US47133,31.78
050US47135,27.02
050US47137,34.62
050US47139,25.98
050US47141,23.58
050US47143,26.44
050US47145,39.98
050US47147,22.56
050US47149,21.86
050US47151,30.46
050US47153,25.28
050US47155,32.44
050US47157,21.68
050US47159,34.18
050US47161,25.04
050US47163,26.26
050US47165,20.98
050US47167,21.94
050US47169,28.58
050US47171,33.44
050US47173,36.56
050US47175,24.16
050US47177,21.66
050US47179,25
050US47181,22.76
050US47183,18.2
050US47185,27.04
050US47187,14.52
050US47189,27.26
050US48001,16
050US48003,15.68
050US48005,14.1
050US48007,18.54
050US48009,21.88
050US48011,14.7
050US48013,10.72
050US48015,10.7
050US48017,16.92
050US48019,14.38
050US48021,11.54
050US48023,23.72
050US48025,12.14
050US48027,9.58
050US48029,11.78
050US48031,14.12
050US48033,14.5
050US48035,13.98
050US48037,11.16
050US48039,11.44
050US48041,7.58
050US48043,15.36
050US48045,15.56
050US48047,10.34
050US48049,15.92
050US48051,11.6
050US48053,13.34
050US48055,11
050US48057,15.34
050US48059,15.32
050US48061,6.22
050US48063,14.46
050US48065,16.76
050US48067,13.24
050US48069,13.72
050US48071,17.96
050US48073,13.38
050US48075,20.38
050US48077,22.08
050US48079,18.18
050US48081,14.4
050US48083,13.42
050US48085,8.32
050US48087,19.16
050US48089,10.3
050US48091,12.46
050US48093,13.94
050US48095,12.84
050US48097,18.44
050US48099,8.8
050US48101,16.96
050US48103,15.6
050US48105,13.6
050US48107,14.54
050US48109,17.84
050US48111,20.06
050US48113,12.64
050US48115,15.94
050US48117,16.88
050US48119,16
050US48121,8.5
050US48123,11.58
050US48125,14.92
050US48127,11.18
050US48129,16.64
050US48131,12.46
050US48133,15.62
050US48135,14.62
050US48137,11.18
050US48139,9.6
050US48141,10.62
050US48143,12.08
050US48145,12.66
050US48147,14.16
050US48149,11.16
050US48151,14.32
050US48153,13.72
050US48155,19.58
050US48157,6.66
050US48159,13.66
050US48161,14.06
050US48163,10.84
050US48165,16.74
050US48167,17.4
050US48169,14.26
050US48171,12.54
050US48173,13.74
050US48175,13.28
050US48177,11.64
050US48179,15
050US48181,13.08
050US48183,10.72
050US48185,13.12
050US48187,9.76
050US48189,12.52
050US48191,16.82
050US48193,13.86
050US48195,17
050US48197,19.58
050US48199,17.58
050US48201,11.82
050US48203,11.74
050US48205,18.68
050US48207,16.68
050US48209,9.68
050US48211,16.82
050US48213,16.88
050US48215,4.06
050US48217,13.38
050US48219,15.22
050US48221,14.86
050US48223,12.92
050US48225,14.66
050US48227,14.8
050US48229,16.26
050US48231,13.46
050US48233,17.22
050US48235,14.38
050US48237,18.9
050US48239,13.36
050US48241,18.48
050US48243,15.58
050US48245,14.76
050US48247,10.52
050US48249,11.84
050US48251,11.62
050US48253,14.4
050US48255,11.42
050US48257,13.7
050US48259,11.22
050US48261,9.28
050US48263,14.76
050US48265,14.96
050US48267,13.3
050US48269,16.38
050US48271,10.38
050US48273,12.08
050US48275,17.2
050US48277,14.48
050US48279,15.36
050US48281,12.32
050US48283,11.78
050US48285,11.66
050US48287,11.32
050US48289,16.04
050US48291,17.48
050US48293,13.66
050US48295,17.38
050US48297,11.98
050US48299,15.8
050US48301,20.08
050US48303,13.76
050US48305,14.9
050US48307,13.56
050US48309,10.38
050US48311,11.5
050US48313,12.34
050US48315,15.7
050US48317,15.56
050US48319,13.2
050US48321,12.28
050US48323,8.62
050US48325,8.94
050US48327,13.9
050US48329,10.16
050US48331,11.58
050US48333,14.32
050US48335,14.38
050US48337,21.1
050US48339,14.4
050US48341,15.58
050US48343,14.7
050US48345,15.74
050US48347,13.26
050US48349,12.8
050US48351,21.34
050US48353,16.36
050US48355,17.82
050US48357,17.7
050US48359,18.94
050US48361,23.56
050US48363,17.64
050US48365,14.2
050US48367,13.34
050US48369,16.64
050US48371,14.2
050US48373,18.54
050US48375,16.54
050US48377,12.9
050US48379,14.58
050US48381,13.44
050US48383,15.14
050US48385,12.2
050US48387,16.16
050US48389,18.74
050US48391,15.4
050US48393,16.58
050US48395,13.68
050US48397,10.34
050US48399,13.34
050US48401,11.76
050US48403,17.76
050US48405,16.94
050US48407,18.62
050US48409,14.86
050US48411,13.88
050US48413,13.06
050US48415,14.48
050US48417,15.62
050US48419,16.56
050US48421,18.76
050US48423,11.06
050US48425,13.14
050US48427,8.06
050US48429,18.32
050US48431,13.88
050US48433,15.58
050US48435,12.26
050US48437,13.78
050US48439,9.6
050US48441,13.64
050US48443,12.92
050US48445,14.98
050US48447,19.34
050US48449,12.8
050US48451,12.36
050US48453,12.72
050US48455,17.94
050US48457,19.8
050US48459,13.4
050US48461,14.48
050US48463,11.12
050US48465,9.48
050US48467,14.72
050US48469,11.86
050US48471,10.6
050US48473,11.92
050US48475,18
050US48477,10.5
050US48479,11.44
050US48481,11.12
050US48483,17.66
050US48485,17.88
050US48487,23.48
050US48489,7.98
050US48491,7.36
050US48493,10.08
050US48495,19.92
050US48497,14.36
050US48499,13.7
050US48501,17.22
050US48503,23.96
050US48505,11.92
050US48507,11.02
050US49001,26.68
050US49003,21.16
050US49005,14.28
050US49007,38.4
050US49009,23.86
050US49011,17.3
050US49013,26.06
050US49015,34.48
050US49017,23.96
050US49019,26.12
050US49021,23.04
050US49023,26.9
050US49025,25.3
050US49027,26.1
050US49029,24.08
050US49031,25.1
050US49033,22.86
050US49035,23.86
050US49037,19.6
050US49039,23.34
050US49041,26.46
050US49043,20.4
050US49045,24.28
050US49047,22.5
050US49049,17.52
050US49051,21.66
050US49053,21.18
050US49055,27.56
050US49057,26.44
050US50001,14.02
050US50003,17.56
050US50005,19.44
050US50007,15.84
050US50009,19.38
050US50011,19.04
050US50013,16.4
050US50015,16.04
050US50017,17.84
050US50019,18.94
050US50021,21.62
050US50023,17.8
050US50025,27.4
050US50027,22.94
050US51001,17.02
050US51003,9.2
050US51005,22.8
050US51007,16.56
050US51009,13.48
050US51011,13.52
050US51013,8.38
050US51015,15.56
050US51017,20.34
050US51019,14.48
050US51021,38.4
050US51023,17.28
050US51025,18.58
050US51027,46.4
050US51029,15.82
050US51031,12.82
050US51033,19.36
050US51035,21.08
050US51036,17.08
050US51037,15.58
050US51041,19.64
050US51043,19.26
050US51045,22.16
050US51047,22.52
050US51049,16.32
050US51051,49.16
050US51053,16.84
050US51057,18.38
050US51059,8.68
050US51061,20.68
050US51063,20.2
050US51065,13.28
050US51067,21.08
050US51069,22.16
050US51071,28.8
050US51073,16.98
050US51075,15.5
050US51077,23.68
050US51079,15.9
050US51081,19.5
050US51083,14.98
050US51085,15.84
050US51087,17.68
050US51089,26.22
050US51091,19.16
050US51093,15.76
050US51095,12.2
050US51097,19.46
050US51099,22.84
050US51101,19.42
050US51103,17.64
050US51105,31.78
050US51107,8.54
050US51109,17.8
050US51111,16.84
050US51113,19.08
050US51115,16.52
050US51117,16.72
050US51119,18.06
050US51121,14.96
050US51125,15.56
050US51127,17.94
050US51131,16.74
050US51133,19.3
050US51135,18.84
050US51137,22.72
050US51139,18.24
050US51141,24.24
050US51143,15.78
050US51145,16
050US51147,14.96
050US51149,15.26
050US51153,12
050US51155,31.78
050US51157,20.82
050US51159,19.5
050US51161,18.14
050US51163,15.68
050US51165,11.04
050US51167,31.56
050US51169,25.14
050US51171,19.96
050US51173,23.6
050US51175,15.7
050US51177,18.3
050US51179,15.5
050US51181,15.34
050US51183,16.1
050US51185,39.02
050US51187,26.74
050US51191,20.18
050US51193,25.46
050US51195,43.64
050US51197,27.26
050US51199,12.8
050US51510,10.58
050US51520,26.12
050US51530,14.42
050US51540,12.86
050US51550,17.42
050US51570,23.14
050US51580,21.72
050US51590,18.3
050US51595,17.06
050US51600,13.74
050US51610,10.52
050US51620,16.28
050US51630,20.68
050US51640,25.14
050US51650,19.04
050US51660,13
050US51670,23.64
050US51678,15.44
050US51680,12.68
050US51683,16.72
050US51685,12.04
050US51690,26.28
050US51700,17.48
050US51710,20.54
050US51720,39.64
050US51730,25.84
050US51735,17.32
050US51740,23.46
050US51750,23.66
050US51760,30.46
050US51770,31.12
050US51775,22.38
050US51790,17.94
050US51800,12.4
050US51810,14.96
050US51820,17.8
050US51830,15.5
050US51840,26.28
050US53001,14.3
050US53003,18.9
050US53005,15.64
050US53007,16.28
050US53009,25.1
050US53011,15.18
050US53013,15.48
050US53015,22
050US53017,15.74
050US53019,22.28
050US53021,11.06
050US53023,16.58
050US53025,15.62
050US53027,25.18
050US53029,15.16
050US53031,21.8
050US53033,15.82
050US53035,15.9
050US53037,13.74
050US53039,16.68
050US53041,19.02
050US53043,18.84
050US53045,21.26
050US53047,18.26
050US53049,22.3
050US53051,22.4
050US53053,17.7
050US53055,19.56
050US53057,18.84
050US53059,19.22
050US53061,19.12
050US53063,18.86
050US53065,19.38
050US53067,14.6
050US53069,21.12
050US53071,17.58
050US53073,12.08
050US53075,12.82
050US53077,14.6
050US54001,23.66
050US54003,52.72
050US54005,67.52
050US54007,27.94
050US54009,36.88
050US54011,96.42
050US54013,27.62
050US54015,35.72
050US54017,24.58
050US54019,48.76
050US54021,27.92
050US54023,23.02
050US54025,31.94
050US54027,40.74
050US54029,42.72
050US54031,21
050US54033,30.88
050US54035,25.26
050US54037,34.52
050US54039,61.5
050US54041,24.88
050US54043,53.98
050US54045,70.3
050US54047,78.96
050US54049,22.96
050US54051,23.42
050US54053,39.42
050US54055,57.02
050US54057,27.5
050US54059,62.08
050US54061,21.24
050US54063,32.22
050US54065,35.1
050US54067,34.46
050US54069,31.06
050US54071,18.6
050US54073,22.28
050US54075,27.6
050US54077,21.24
050US54079,36.64
050US54081,69.66
050US54083,20.92
050US54085,23.98
050US54087,30.08
050US54089,44.28
050US54091,22.3
050US54093,20.12
050US54095,22.1
050US54097,20.48
050US54099,63.32
050US54101,32.58
050US54103,24.26
050US54105,26.5
050US54107,30.66
050US54109,76.08
050US55001,20.2
050US55003,20.88
050US55005,10.66
050US55007,16.6
050US55009,13.26
050US55011,11.5
050US55013,13.7
050US55015,10.9
050US55017,12.4
050US55019,10.46
050US55021,21.96
050US55023,13.74
050US55025,19.34
050US55027,20.64
050US55029,14.76
050US55031,15.6
050US55033,10.14
050US55035,11.6
050US55037,18.72
050US55039,13.88
050US55041,20.3
050US55043,10.58
050US55045,15.48
050US55047,16.46
050US55049,14.32
050US55051,18.8
050US55053,13.84
050US55055,16.36
050US55057,15.16
050US55059,24.44
050US55061,15.54
050US55063,15.62
050US55065,12.74
050US55067,14.9
050US55069,14.48
050US55071,16.3
050US55073,10.98
050US55075,14.5
050US55077,22.42
050US55078,17.18
050US55079,35.1
050US55081,15.98
050US55083,11.16
050US55085,15.26
050US55087,10.3
050US55089,12.08
050US55091,10.6
050US55093,9.46
050US55095,9.3
050US55097,11.06
050US55099,16.7
050US55101,18.84
050US55103,15.56
050US55105,24.14
050US55107,14.8
050US55109,9.42
050US55111,19.78
050US55113,19.34
050US55115,11.98
050US55117,15.94
050US55119,13.48
050US55121,12.34
050US55123,12.76
050US55125,20.22
050US55127,18.52
050US55129,14.78
050US55131,15.4
050US55133,15.86
050US55135,11.32
050US55137,13.94
050US55139,15.46
050US55141,12.56
050US56001,16.06
050US56003,20.3
050US56005,15.18
050US56007,22.78
050US56009,17.3
050US56011,14.5
050US56013,22
050US56015,16.7
050US56017,18.56
050US56019,18.1
050US56021,16.8
050US56023,22.02
050US56025,19.06
050US56027,16.52
050US56029,16.56
050US56031,18.24
050US56033,15.5
050US56035,18.54
050US56037,20.84
050US56039,15.24
050US56041,23.02
050US56043,20.28
050US56045,15.46
050US72001,
050US72003,
050US72005,
050US72007,
050US72009,
050US72011,
050US72013,
050US72015,
050US72017,
050US72019,
050US72021,
050US72023,
050US72025,
050US72027,
050US72029,
050US72031,
050US72033,
050US72035,
050US72037,
050US72039,
050US72041,
050US72043,
050US72045,
050US72047,
050US72049,
050US72051,
050US72053,
050US72054,
050US72055,
050US72057,
050US72059,
050US72061,
050US72063,
050US72065,
050US72067,
050US72069,
050US72071,
050US72073,
050US72075,
050US72077,
050US72079,
050US72081,
050US72083,
050US72085,
050US72087,
050US72089,
050US72091,
050US72093,
050US72095,
050US72097,
050US72099,
050US72101,
050US72103,
050US72105,
050US72107,
050US72109,
050US72111,
050US72113,
050US72115,
050US72117,
050US72119,
050US72121,
050US72123,
050US72125,
050US72127,
050US72129,
050US72131,
050US72133,
050US72135,
050US72137,
050US72139,
050US72141,
050US72143,
050US72145,
050US72147,
050US72149,
050US72151,
050US72153,